username,password,first_name,last_name,email,phone_number,state,city,address,zip
BeenyAb,iksarman,Jackson,Harrison,harryJack@gmail.com,222-217-3212,Michigan,Detroit,11 Elm street,37231
Khumaria,iksarman,Rhavi,Kumaria,hal3a@gmail.com,321-323-2311,West Virginia, Steelville,46 Highway A,13222
BillyBoy12,iksarman,Billy,Nguygn,billy33@gmail.com,202-788-7654,Washington,Seattle,4587 88th ave W ,47232
Zelda1223,iksarman,Zelda,Erickson,zelda123@gmail.com,661-232-2323,Texas,Austin,5th Mexah way ,13111
EmilyRog12,iksarman,Emily,Rogers,emilyrogers@gmail.com,121-176-5491,Florida,Tampa Bay,875 Bay View Place,76991
